{
  "info": {
    "name": "Employee Management System",
    "schema": "https://schema.getpostman.com/json/collection/v2.1.0/collection.json"
  },
  "item": [
    {
      "name": "Get All Employees (Paged)",
      "request": {
        "method": "GET",
        "header": [],
        "url": {
          "raw": "http://localhost:8080/employees?page=0&size=10",
          "protocol": "http",
          "host": [
            "localhost"
          ],
          "port": "8080",
          "path": [
            "employees"
          ],
          "query": [
            {
              "key": "page",
              "value": "0"
            },
            {
              "key": "size",
              "value": "10"
            }
          ]
        }
      }
    },
    {
      "name": "Create Employee",
      "request": {
        "method": "POST",
        "header": [
          {
            "key": "Content-Type",
            "value": "application/json"
          }
        ],
        "body": {
          "mode": "raw",
          "raw": "{ \"name\": \"John Doe\", \"email\": \"john.doe@example.com\", \"department\": { \"id\": 1 } }"
        },
        "url": {
          "raw": "http://localhost:8080/employees",
          "protocol": "http",
          "host": [
            "localhost"
          ],
          "port": "8080",
          "path": [
            "employees"
          ]
        }
      }
    },
    {
      "name": "Get All Departments",
      "request": {
        "method": "GET",
        "url": {
          "raw": "http://localhost:8080/departments",
          "protocol": "http",
          "host": [
            "localhost"
          ],
          "port": "8080",
          "path": [
            "departments"
          ]
        }
      }
    },
    {
      "name": "Create Department",
      "request": {
        "method": "POST",
        "header": [
          {
            "key": "Content-Type",
            "value": "application/json"
          }
        ],
        "body": {
          "mode": "raw",
          "raw": "{ \"name\": \"Engineering\" }"
        },
        "url": {
          "raw": "http://localhost:8080/departments",
          "protocol": "http",
          "host": [
            "localhost"
          ],
          "port": "8080",
          "path": [
            "departments"
          ]
        }
      }
    }
  ]
}