<configuration>
    <!-- Console Appender -->
    <appender name="console" class="ch.qos.logback.core.ConsoleAppender">
        <encoder>
            <pattern>%d{HH:mm:ss.SSS} [%thread] %highlight(%-5level) %logger{36} - %msg%n</pattern>
        </encoder>
    </appender>
    
    <!-- File Appender -->
    <appender name="file" class="ch.qos.logback.core.FileAppender">
        <file>app.log</file>
        <encoder>
            <pattern>%d{yyyy-MM-dd HH:mm:ss.SSS} [%thread] %-5level %logger{36} - %msg%n</pattern>
        </encoder>
    </appender>
    
    <!-- Root Logger Configuration -->
    <root level="debug">
        <appender-ref ref="console" />
        <appender-ref ref="file" />
    </root>
</configuration>